clientid,name,Publisher taxonomyid,Publisher taxonomytext,globaltaxonomyid,Global taxonomytext
297,TheEntertainer,3126062,action toys figures|action figures,154424,"Toys & Games|Toys|Dolls, Playsets & Toy Figures|Action Figures"
297,TheEntertainer,3126061,action toys figures|action vehicles,154452,Toys & Games|Toys|Play Vehicles
297,TheEntertainer,3126060,action toys figures|battling toys,154423,"Toys & Games|Toys|Dolls, Playsets & Toy Figures"
297,TheEntertainer,3126059,action toys figures|blaster water pistols,154496,Toys & Games|Toys|Toy Weapons|Water Guns
297,TheEntertainer,3126058,action toys figures|blaster water pistols|dart refills,154495,Toys & Games|Toys|Toy Weapons
297,TheEntertainer,3126057,action toys figures|dress up roleplay,154469,Toys & Games|Toys|Pretend Play|Pretend Professions & Role Playing
297,TheEntertainer,3126056,action toys figures|playsets,154433,"Toys & Games|Toys|Dolls, Playsets & Toy Figures|Playsets"
297,TheEntertainer,3126055,all reductions|20 percent off,-11,Unmapped SKUs|All|Sales/Specials/Deals
297,TheEntertainer,3126054,all reductions|25 percent off,-11,Unmapped SKUs|All|Sales/Specials/Deals
297,TheEntertainer,3126053,all reductions|33 percent off,-11,Unmapped SKUs|All|Sales/Specials/Deals
297,TheEntertainer,3126052,all reductions|50 percent off,-11,Unmapped SKUs|All|Sales/Specials/Deals
297,TheEntertainer,3126051,all reductions|save 10,-11,Unmapped SKUs|All|Sales/Specials/Deals
297,TheEntertainer,3126050,all reductions|save 15,-11,Unmapped SKUs|All|Sales/Specials/Deals
297,TheEntertainer,3126049,all reductions|save 20,-11,Unmapped SKUs|All|Sales/Specials/Deals
297,TheEntertainer,3126048,all reductions|save 5,-11,Unmapped SKUs|All|Sales/Specials/Deals
297,TheEntertainer,3126047,arts creative play|3d modelling,150552,Arts & Entertainment|Hobbies & Creative Arts|Crafts & Hobbies|Pottery & Sculpting
297,TheEntertainer,3126046,arts creative play|arts food drink,154410,Toys & Games|Toys|Art & Drawing Toys
297,TheEntertainer,3126045,arts creative play|arts tv and film,154410,Toys & Games|Toys|Art & Drawing Toys
297,TheEntertainer,3126044,arts creative play|books,153484,Media|Books
297,TheEntertainer,3126012,arts creative play|craft sets,154411,Toys & Games|Toys|Art & Drawing Toys|Toy Craft Kits
297,TheEntertainer,3126013,arts creative play|craft sets|beads,150544,Arts & Entertainment|Hobbies & Creative Arts|Crafts & Hobbies|Jewelry Making|Beads
297,TheEntertainer,3126014,arts creative play|craft sets|beads|bead refills,150544,Arts & Entertainment|Hobbies & Creative Arts|Crafts & Hobbies|Jewelry Making|Beads
297,TheEntertainer,3126015,arts creative play|craft sets|beads|bead sets,150544,Arts & Entertainment|Hobbies & Creative Arts|Crafts & Hobbies|Jewelry Making|Beads
297,TheEntertainer,3126016,arts creative play|craft sets|stickers,150513,Arts & Entertainment|Hobbies & Creative Arts|Crafts & Hobbies|Decorative Stickers
297,TheEntertainer,3126207,arts creative play|dough modelling,150552,Arts & Entertainment|Hobbies & Creative Arts|Crafts & Hobbies|Pottery & Sculpting
297,TheEntertainer,3126017,arts creative play|dough modelling|dough modelling,150553,Arts & Entertainment|Hobbies & Creative Arts|Crafts & Hobbies|Pottery & Sculpting|Modeling Clay & Dough
297,TheEntertainer,3126018,arts creative play|dough modelling|sand modelling,150553,Arts & Entertainment|Hobbies & Creative Arts|Crafts & Hobbies|Pottery & Sculpting|Modeling Clay & Dough
297,TheEntertainer,3126019,arts creative play|drawing painting,150514,Arts & Entertainment|Hobbies & Creative Arts|Crafts & Hobbies|Drawing & Painting
297,TheEntertainer,3126020,arts creative play|drawing painting|drawing sets,150536,Arts & Entertainment|Hobbies & Creative Arts|Crafts & Hobbies|Drawing & Painting Kits
297,TheEntertainer,3126021,arts creative play|drawing painting|painting sets,150536,Arts & Entertainment|Hobbies & Creative Arts|Crafts & Hobbies|Drawing & Painting Kits
297,TheEntertainer,3126022,arts creative play|drawing painting|stationery,153603,Office Supplies|General Supplies|Paper Products|Stationery
297,TheEntertainer,3126023,arts creative play|dress up,154469,Toys & Games|Toys|Pretend Play|Pretend Professions & Role Playing
297,TheEntertainer,3126024,arts creative play|dress up|dress up costumes,150379,Apparel & Accessories|Costumes & Accessories|Costumes
297,TheEntertainer,3126025,arts creative play|dress up|dress up masks hats,150375,Apparel & Accessories|Costumes & Accessories|Costume Accessories
297,TheEntertainer,3126026,arts creative play|dress up|face paint,150375,Apparel & Accessories|Costumes & Accessories|Costume Accessories
297,TheEntertainer,3126027,arts creative play|easels,150516,Arts & Entertainment|Hobbies & Creative Arts|Crafts & Hobbies|Drawing & Painting|Art Easels
297,TheEntertainer,3126028,arts creative play|fashion jewellery,150390,Apparel & Accessories|Jewelry
297,TheEntertainer,3126029,arts creative play|fashion jewellery|fashion,150153,Apparel & Accessories|Clothing
297,TheEntertainer,3126030,arts creative play|fashion jewellery|jewellery,150390,Apparel & Accessories|Jewelry
297,TheEntertainer,3126031,arts creative play|fashion jewellery|make up,152512,Health & Beauty|Personal Care|Cosmetics|Makeup
297,TheEntertainer,3126032,arts creative play|fashion jewellery|tattoo kits,150824,Arts & Entertainment|Party & Celebration|Party Supplies|Temporary Tattoos
297,TheEntertainer,3126033,arts creative play|loom kits,150574,Arts & Entertainment|Hobbies & Creative Arts|Crafts & Hobbies|Sewing & Needlecrafts|Weaving|Weaving Looms
297,TheEntertainer,3126034,arts creative play|loom kits|loom band accessories,150573,Arts & Entertainment|Hobbies & Creative Arts|Crafts & Hobbies|Sewing & Needlecrafts|Weaving
297,TheEntertainer,3126035,arts creative play|loom kits|loom band accessories|loom band refills,150573,Arts & Entertainment|Hobbies & Creative Arts|Crafts & Hobbies|Sewing & Needlecrafts|Weaving
297,TheEntertainer,3126036,arts creative play|loom kits|loom band accessories|loom band storage cases,150573,Arts & Entertainment|Hobbies & Creative Arts|Crafts & Hobbies|Sewing & Needlecrafts|Weaving
297,TheEntertainer,3126037,arts creative play|loom kits|loom band accessories|scented loom bands,150573,Arts & Entertainment|Hobbies & Creative Arts|Crafts & Hobbies|Sewing & Needlecrafts|Weaving
297,TheEntertainer,3126038,arts creative play|loom kits|loom bracelet makers,150543,Arts & Entertainment|Hobbies & Creative Arts|Crafts & Hobbies|Jewelry Making
297,TheEntertainer,3126039,arts creative play|model kits,150557,Arts & Entertainment|Hobbies & Creative Arts|Crafts & Hobbies|Scale Models|Model Kits
297,TheEntertainer,3126040,arts creative play|musical toys,154450,Toys & Games|Toys|Musical Toys
297,TheEntertainer,3126041,baby pre school|0 6 months,150843,Baby & Toddler|Baby Toys
297,TheEntertainer,3126042,baby pre school|1 2 years,150843,Baby & Toddler|Baby Toys
297,TheEntertainer,3126043,baby pre school|2 3 years,150843,Baby & Toddler|Baby Toys
297,TheEntertainer,3126064,baby pre school|3 4 years,150843,Baby & Toddler|Baby Toys
297,TheEntertainer,3126065,baby pre school|4 5 years,150843,Baby & Toddler|Baby Toys
297,TheEntertainer,3126066,baby pre school|6 12 months,150843,Baby & Toddler|Baby Toys
297,TheEntertainer,3126067,baby pre school|activity toys,154401,Toys & Games|Toys|Activity Toys
297,TheEntertainer,3126068,baby pre school|activity toys|shape sorter stacking,150853,Baby & Toddler|Baby Toys|Sorting & Stacking Toys
297,TheEntertainer,3126069,baby pre school|bath toys,154414,Toys & Games|Toys|Bath Toys
297,TheEntertainer,3126070,baby pre school|cots travel toys,150843,Baby & Toddler|Baby Toys
297,TheEntertainer,3126071,baby pre school|electronic learning,154441,Toys & Games|Toys|Electronic Toys
297,TheEntertainer,3126072,baby pre school|newborn baby,150843,Baby & Toddler|Baby Toys
297,TheEntertainer,3126073,baby pre school|pre school construction,154418,Toys & Games|Toys|Building Toys|Construction Set Toys
297,TheEntertainer,3126074,baby pre school|pre school film tv characters,154423,"Toys & Games|Toys|Dolls, Playsets & Toy Figures"
297,TheEntertainer,3126075,baby pre school|pre school soft toys,154435,"Toys & Games|Toys|Dolls, Playsets & Toy Figures|Stuffed Toys"
297,TheEntertainer,3126076,baby pre school|pre school soft toys|interactive soft toys,154435,"Toys & Games|Toys|Dolls, Playsets & Toy Figures|Stuffed Toys"
297,TheEntertainer,3126077,baby pre school|pre school vehicles,154452,Toys & Games|Toys|Play Vehicles
297,TheEntertainer,3126078,baby pre school|pretend play dress up,154464,Toys & Games|Toys|Pretend Play
297,TheEntertainer,3126079,baby pre school|pretend play dress up|kitchens home,154470,Toys & Games|Toys|Pretend Play|Toy Kitchens & Play Food
297,TheEntertainer,3126080,baby pre school|pretend play dress up|kitchens home|play food,154470,Toys & Games|Toys|Pretend Play|Toy Kitchens & Play Food
297,TheEntertainer,3126081,baby pre school|pretend play dress up|kitchens home|tea sets,154470,Toys & Games|Toys|Pretend Play|Toy Kitchens & Play Food
297,TheEntertainer,3126082,baby pre school|pretend play dress up|play shop,154469,Toys & Games|Toys|Pretend Play|Pretend Professions & Role Playing
297,TheEntertainer,3126083,baby pre school|pretend play dress up|pre school dress up,154469,Toys & Games|Toys|Pretend Play|Pretend Professions & Role Playing
297,TheEntertainer,3126084,baby pre school|pretend play dress up|pre school dress up|pre school dress up costumes,150379,Apparel & Accessories|Costumes & Accessories|Costumes
297,TheEntertainer,3126085,baby pre school|walkers ride ons,154478,Toys & Games|Toys|Riding Toys
297,TheEntertainer,3126086,baby pre school|wooden toys,154400,Toys & Games|Toys
297,TheEntertainer,3126087,back to school|lunch bags,152985,Home & Garden|Kitchen & Dining|Food & Beverage Carriers|Lunch Boxes & Totes
297,TheEntertainer,3126088,back to school|school backpacks,153430,Luggage & Bags|Backpacks
297,TheEntertainer,3126089,cars trains planes|cars trucks diggers,154452,Toys & Games|Toys|Play Vehicles
297,TheEntertainer,3126090,cars trains planes|planes helicopters,154452,Toys & Games|Toys|Play Vehicles
297,TheEntertainer,3126091,cars trains planes|race tracks,154459,Toys & Games|Toys|Play Vehicles|Toy Race Car Sets
297,TheEntertainer,3126092,cars trains planes|remote control,154472,Toys & Games|Toys|Radio Control Toys
297,TheEntertainer,3126093,cars trains planes|remote control|remote control cars and trucks,154472,Toys & Games|Toys|Radio Control Toys
297,TheEntertainer,3126094,cars trains planes|remote control|remote control helicopters,154475,Toys & Games|Toys|Radio Control Toys|Radio Control Helicopters
297,TheEntertainer,3126095,cars trains planes|trains,154462,Toys & Games|Toys|Play Vehicles|Toy Trains & Train Sets
297,TheEntertainer,3126096,christmas|advent calenders,152708,Home & Garden|Decor|Seasonal & Holiday Decorations|Advent Calendars
297,TheEntertainer,3126097,christmas|christmas toys,154400,Toys & Games|Toys
297,TheEntertainer,3126098,collectibles|battling collectibles,150477,Arts & Entertainment|Hobbies & Creative Arts|Collectibles
297,TheEntertainer,3126099,collectibles|bikes skateboards,150477,Arts & Entertainment|Hobbies & Creative Arts|Collectibles
297,TheEntertainer,3126100,collectibles|blind bags,150477,Arts & Entertainment|Hobbies & Creative Arts|Collectibles
297,TheEntertainer,3126101,collectibles|collectible cards stickets,150477,Arts & Entertainment|Hobbies & Creative Arts|Collectibles
297,TheEntertainer,3126102,collectibles|collectible figures,150477,Arts & Entertainment|Hobbies & Creative Arts|Collectibles
297,TheEntertainer,3126103,collectibles|collectible figures|collectible animal figures,150477,Arts & Entertainment|Hobbies & Creative Arts|Collectibles
297,TheEntertainer,3126104,collectibles|collectible soft toys,150477,Arts & Entertainment|Hobbies & Creative Arts|Collectibles
297,TheEntertainer,3126105,collectibles|electronic collectibles,150477,Arts & Entertainment|Hobbies & Creative Arts|Collectibles
297,TheEntertainer,3126106,collectibles|yo yos,150477,Arts & Entertainment|Hobbies & Creative Arts|Collectibles
297,TheEntertainer,3126107,dolls soft toys|dolls,154431,"Toys & Games|Toys|Dolls, Playsets & Toy Figures|Dolls"
297,TheEntertainer,3126108,dolls soft toys|dolls accessories,154432,"Toys & Games|Toys|Dolls, Playsets & Toy Figures|Dolls & Action Figure Accessories"
297,TheEntertainer,3126109,dolls soft toys|dolls houses playsets,154433,"Toys & Games|Toys|Dolls, Playsets & Toy Figures|Playsets"
297,TheEntertainer,3126110,dolls soft toys|dolls|animal figures,154425,"Toys & Games|Toys|Dolls, Playsets & Toy Figures|Animal Figures"
297,TheEntertainer,3126111,dolls soft toys|dolls|baby dolls,154431,"Toys & Games|Toys|Dolls, Playsets & Toy Figures|Dolls"
297,TheEntertainer,3126112,dolls soft toys|dolls|fashion dolls,154431,"Toys & Games|Toys|Dolls, Playsets & Toy Figures|Dolls"
297,TheEntertainer,3126113,dolls soft toys|dolls|fashion dolls|mini fashion dolls,154431,"Toys & Games|Toys|Dolls, Playsets & Toy Figures|Dolls"
297,TheEntertainer,3126114,dolls soft toys|dolls|film tv dolls,154431,"Toys & Games|Toys|Dolls, Playsets & Toy Figures|Dolls"
297,TheEntertainer,3126115,dolls soft toys|dolls|rag dolls,154431,"Toys & Games|Toys|Dolls, Playsets & Toy Figures|Dolls"
297,TheEntertainer,3126116,dolls soft toys|dolls|styling heads,154431,"Toys & Games|Toys|Dolls, Playsets & Toy Figures|Dolls"
297,TheEntertainer,3126117,dolls soft toys|electronic pets,154441,Toys & Games|Toys|Electronic Toys
297,TheEntertainer,3126118,dolls soft toys|prams pushchairs,154432,"Toys & Games|Toys|Dolls, Playsets & Toy Figures|Dolls & Action Figure Accessories"
297,TheEntertainer,3126119,dolls soft toys|puppets,154433,"Toys & Games|Toys|Dolls, Playsets & Toy Figures|Playsets"
297,TheEntertainer,3126120,dolls soft toys|soft toys,154435,"Toys & Games|Toys|Dolls, Playsets & Toy Figures|Stuffed Toys"
297,TheEntertainer,3126121,dolls soft toys|soft toys|action plush,154435,"Toys & Games|Toys|Dolls, Playsets & Toy Figures|Stuffed Toys"
297,TheEntertainer,3126122,electronic educational toys|batteries,151414,Electronics|Electronics Accessories|Power|Batteries
297,TheEntertainer,3126123,electronic educational toys|electronic learning toys,154441,Toys & Games|Toys|Electronic Toys
297,TheEntertainer,3126124,electronic educational toys|electronic learning toys|e learning computers,154441,Toys & Games|Toys|Electronic Toys
297,TheEntertainer,3126125,electronic educational toys|electronic learning toys|e reading,154439,Toys & Games|Toys|Educational Toys|Reading Toys
297,TheEntertainer,3126126,electronic educational toys|electronic learning toys|electronic gaming,154441,Toys & Games|Toys|Electronic Toys
297,TheEntertainer,3126127,electronic educational toys|electronic learning toys|games software accessories,154441,Toys & Games|Toys|Electronic Toys
297,TheEntertainer,3126128,electronic educational toys|electronic learning toys|tablets,154441,Toys & Games|Toys|Electronic Toys
297,TheEntertainer,3126129,electronic educational toys|electronic pre school toys,154441,Toys & Games|Toys|Electronic Toys
297,TheEntertainer,3126130,electronic educational toys|music,154450,Toys & Games|Toys|Musical Toys
297,TheEntertainer,3126131,electronic educational toys|remote control vehicles,154472,Toys & Games|Toys|Radio Control Toys
297,TheEntertainer,3126132,electronic educational toys|robotics,154442,Toys & Games|Toys|Electronic Toys|Robotic Toys
297,TheEntertainer,3126133,electronic educational toys|robotics|swimming robots,154442,Toys & Games|Toys|Electronic Toys|Robotic Toys
297,TheEntertainer,3126134,electronic educational toys|watches clocks,154441,Toys & Games|Toys|Electronic Toys
297,TheEntertainer,3126135,games jigsaws|board games,154373,Toys & Games|Games|Board Games
297,TheEntertainer,3126136,games jigsaws|card games,154378,Toys & Games|Games|Card Games
297,TheEntertainer,3126137,games jigsaws|childrens games,154371,Toys & Games|Games
297,TheEntertainer,3126138,games jigsaws|family games,154371,Toys & Games|Games
297,TheEntertainer,3126139,games jigsaws|jigsaws,154395,Toys & Games|Puzzles|Jigsaw Puzzles
297,TheEntertainer,3126140,games jigsaws|jigsaws|3d jigsaws,154395,Toys & Games|Puzzles|Jigsaw Puzzles
297,TheEntertainer,3126141,games jigsaws|jigsaws|jigsaw 0 49,154395,Toys & Games|Puzzles|Jigsaw Puzzles
297,TheEntertainer,3126142,games jigsaws|jigsaws|jigsaw 100 199,154395,Toys & Games|Puzzles|Jigsaw Puzzles
297,TheEntertainer,3126143,games jigsaws|jigsaws|jigsaw 200 499,154395,Toys & Games|Puzzles|Jigsaw Puzzles
297,TheEntertainer,3126144,games jigsaws|jigsaws|jigsaw 50 99,154395,Toys & Games|Puzzles|Jigsaw Puzzles
297,TheEntertainer,3126145,games jigsaws|jigsaws|jigsaw 500,154395,Toys & Games|Puzzles|Jigsaw Puzzles
297,TheEntertainer,3126146,games jigsaws|jigsaws|wooden jigsawas,154395,Toys & Games|Puzzles|Jigsaw Puzzles
297,TheEntertainer,3126147,games jigsaws|magic jokes,150547,Arts & Entertainment|Hobbies & Creative Arts|Crafts & Hobbies|Magic & Novelties
297,TheEntertainer,3126148,games jigsaws|travel games,154371,Toys & Games|Games
297,TheEntertainer,3126149,home clothing|clothing shoes,150153,Apparel & Accessories|Clothing
297,TheEntertainer,3126150,home clothing|clothing shoes|shoes,150410,Apparel & Accessories|Shoes
297,TheEntertainer,3126151,home clothing|duvets and blankets,153378,Home & Garden|Linens|Bedding
297,TheEntertainer,3126007,Homepage,-10,Unmapped SKUs|All|Misc. Uncategorized
297,TheEntertainer,3126152,lego construction|buildings,154420,Toys & Games|Toys|Building Toys|Interlocking Blocks
297,TheEntertainer,3126153,lego construction|construction vehicles,154420,Toys & Games|Toys|Building Toys|Interlocking Blocks
297,TheEntertainer,3126154,lego construction|mini figures,154420,Toys & Games|Toys|Building Toys|Interlocking Blocks
297,TheEntertainer,3126155,lego construction|modelling kits,154420,Toys & Games|Toys|Building Toys|Interlocking Blocks
297,TheEntertainer,3126156,lego construction|pre school bricks,154420,Toys & Games|Toys|Building Toys|Interlocking Blocks
297,TheEntertainer,3128412,little hero,-14,Unmapped SKUs|All|Brand Pages
297,TheEntertainer,3126157,marvel|avengers,-14,Unmapped SKUs|All|Brand Pages
297,TheEntertainer,3126158,outdoor toys|blasters,154495,Toys & Games|Toys|Toy Weapons
297,TheEntertainer,3126159,outdoor toys|blasters|dart blasters,154495,Toys & Games|Toys|Toy Weapons
297,TheEntertainer,3126160,outdoor toys|blasters|water blasters,154496,Toys & Games|Toys|Toy Weapons|Water Guns
297,TheEntertainer,3126161,outdoor toys|bubbles,154404,Toys & Games|Toys|Activity Toys|Bubble Blowing Toys
297,TheEntertainer,3126162,outdoor toys|garden toys,154386,Toys & Games|Outdoor Play Equipment
297,TheEntertainer,3126163,outdoor toys|garden toys|balls,154482,Toys & Games|Toys|Sports Toys
297,TheEntertainer,3126164,outdoor toys|kites,154447,Toys & Games|Toys|Flying Toys|Kites
297,TheEntertainer,3126165,outdoor toys|play centres swings slides,154386,Toys & Games|Outdoor Play Equipment
297,TheEntertainer,3126166,outdoor toys|play centres swings slides|play centres,154388,Toys & Games|Outdoor Play Equipment|Outdoor Playsets
297,TheEntertainer,3126167,outdoor toys|play centres swings slides|slides,154391,Toys & Games|Outdoor Play Equipment|Slides
297,TheEntertainer,3126168,outdoor toys|play centres swings slides|swings,154392,Toys & Games|Outdoor Play Equipment|Swing Sets
297,TheEntertainer,3126169,outdoor toys|play houses,154389,Toys & Games|Outdoor Play Equipment|Playhouses
297,TheEntertainer,3126170,outdoor toys|play houses|plastic playhouses,154389,Toys & Games|Outdoor Play Equipment|Playhouses
297,TheEntertainer,3126171,outdoor toys|play houses|tents,153904,"Sporting Goods|Outdoor Recreation|Camping, Backpacking & Hiking|Tents"
297,TheEntertainer,3126172,outdoor toys|pools and water toys,153421,Home & Garden|Pool & Spa|Pool & Spa Accessories|Pool Toys
297,TheEntertainer,3126173,outdoor toys|pools and water toys|paddling pools,153425,Home & Garden|Pool & Spa|Swimming Pools
297,TheEntertainer,3126174,outdoor toys|pools and water toys|paddling pools|pool inflatables toys,153417,Home & Garden|Pool & Spa|Pool & Spa Accessories|Pool Floats & Lounges
297,TheEntertainer,3126175,outdoor toys|pools and water toys|sand water tables,154393,Toys & Games|Outdoor Play Equipment|Water Tables
297,TheEntertainer,3126176,outdoor toys|pools and water toys|water toys blasters,154496,Toys & Games|Toys|Toy Weapons|Water Guns
297,TheEntertainer,3126177,outdoor toys|ride ons,154478,Toys & Games|Toys|Riding Toys
297,TheEntertainer,3126178,outdoor toys|ride ons|balance bikes,154480,Toys & Games|Toys|Riding Toys|Push & Pedal Riding Vehicles
297,TheEntertainer,3126179,outdoor toys|ride ons|tractors,154480,Toys & Games|Toys|Riding Toys|Push & Pedal Riding Vehicles
297,TheEntertainer,3126180,outdoor toys|ride ons|trikes,154480,Toys & Games|Toys|Riding Toys|Push & Pedal Riding Vehicles
297,TheEntertainer,3126181,outdoor toys|sandpits toys,154415,Toys & Games|Toys|Beach & Sand Toys
297,TheEntertainer,3126182,outdoor toys|sandpits toys|sand toys,154415,Toys & Games|Toys|Beach & Sand Toys
297,TheEntertainer,3126183,outdoor toys|sandpits toys|sandpits,154390,Toys & Games|Outdoor Play Equipment|Sandboxes
297,TheEntertainer,3126184,outdoor toys|skates and scooters,153861,Sporting Goods|Outdoor Recreation
297,TheEntertainer,3126185,outdoor toys|skates and scooters|roller skates and shoes,154111,Sporting Goods|Outdoor Recreation|Skating
297,TheEntertainer,3126186,outdoor toys|skates and scooters|roller skates and shoes|protective wear,154121,Sporting Goods|Outdoor Recreation|Skating|Skating Helmets & Pads
297,TheEntertainer,3126187,outdoor toys|skates and scooters|roller skates and shoes|roller shoes,154111,Sporting Goods|Outdoor Recreation|Skating
297,TheEntertainer,3126188,outdoor toys|skates and scooters|roller skates and shoes|roller skates,154118,Sporting Goods|Outdoor Recreation|Skating|Roller Skates
297,TheEntertainer,3126189,outdoor toys|skates and scooters|roller skates and shoes|roller skates|inline skates,154119,Sporting Goods|Outdoor Recreation|Skating|Roller Skates|Inline Skates
297,TheEntertainer,3126190,outdoor toys|skates and scooters|roller skates and shoes|roller skates|quad skates,154120,Sporting Goods|Outdoor Recreation|Skating|Roller Skates|Quad Skates
297,TheEntertainer,3126191,outdoor toys|skates and scooters|scooters,154059,Sporting Goods|Outdoor Recreation|Riding Scooters|Kick Scooters
297,TheEntertainer,3126192,outdoor toys|skates and scooters|scooters|2 wheel scotters,154059,Sporting Goods|Outdoor Recreation|Riding Scooters|Kick Scooters
297,TheEntertainer,3126193,outdoor toys|skates and scooters|scooters|3 wheel scooters,154059,Sporting Goods|Outdoor Recreation|Riding Scooters|Kick Scooters
297,TheEntertainer,3126194,outdoor toys|skates and scooters|scooters|stunt scooters,154059,Sporting Goods|Outdoor Recreation|Riding Scooters|Kick Scooters
297,TheEntertainer,3126195,outdoor toys|skates and scooters|skateboards,154110,Sporting Goods|Outdoor Recreation|Skateboarding|Skateboards
297,TheEntertainer,3126196,outdoor toys|sports toys,154482,Toys & Games|Toys|Sports Toys
297,TheEntertainer,3126197,outdoor toys|sports toys|football goals balls,154482,Toys & Games|Toys|Sports Toys
297,TheEntertainer,3126198,outdoor toys|trampolines,153860,Sporting Goods|Jumping|Trampolines
297,TheEntertainer,3126199,party|wrapping paper cards,150794,Arts & Entertainment|Party & Celebration|Gift Giving|Gift Wrapping
297,TheEntertainer,3126200,party|wrapping paper cards|cards,150799,Arts & Entertainment|Party & Celebration|Gift Giving|Greeting Cards
297,TheEntertainer,3126201,party|wrapping paper cards|gift wrap,150798,Arts & Entertainment|Party & Celebration|Gift Giving|Gift Wrapping|Wrapping Paper
297,TheEntertainer,3126202,playskool heroes|playskool heroes star wars jedi force,154423,"Toys & Games|Toys|Dolls, Playsets & Toy Figures"
297,TheEntertainer,3126203,playskool heroes|playskool marvel super hero adventures,154423,"Toys & Games|Toys|Dolls, Playsets & Toy Figures"
297,TheEntertainer,3126204,playskool|playskool friends my little pony,154427,"Toys & Games|Toys|Dolls, Playsets & Toy Figures|Animal Figures|Horse & Pony Figures"
297,TheEntertainer,3125997,pre order,-10,Unmapped SKUs|All|Misc. Uncategorized
297,TheEntertainer,3126205,stem toys|engineering,154436,Toys & Games|Toys|Educational Toys
297,TheEntertainer,3126206,stem toys|science,154440,Toys & Games|Toys|Educational Toys|Science Sets
