281,Wayfair,3077874,A.R.T.
281,Wayfair,3077125,10% Off DaVinci and babyletto
281,Wayfair,3075699,10% Off DaVinci and babyletto|babyletto
281,Wayfair,3077343,10% Off DaVinci and babyletto|babyletto|All babyletto
281,Wayfair,3073583,10% Off DaVinci and babyletto|DaVinci
281,Wayfair,3077848,15DSTEST - Housewares R2
281,Wayfair,3076169,15DSTEST - Accent Furniture R2
281,Wayfair,3074971,15DSTEST - Accents & Accent Furniture
281,Wayfair,3074058,15DSTEST - Accents R2
281,Wayfair,3074203,15DSTEST - Bedding & Bath Linens & Mixed Textiles
281,Wayfair,3076246,15DSTEST - Bedding R2
281,Wayfair,3074654,15DSTEST - Bedroom Furniture
281,Wayfair,3077961,15DSTEST - Bedroom Furniture R2
281,Wayfair,3074709,15DSTEST - Dining Furniture
281,Wayfair,3074560,15DSTEST - Home Improvement
281,Wayfair,3078233,15DSTEST - Home Improvement R2
281,Wayfair,3077958,15DSTEST - Housewares
281,Wayfair,3124961,15DSTEST - Kitchen & Dining R2
281,Wayfair,3074982,15DSTEST - Living Room Furniture
281,Wayfair,3074926,15DSTEST - Living Room Furniture R2
281,Wayfair,3074057,15DSTEST - Storage
281,Wayfair,3076244,15DSTEST - Toys/Recreation
281,Wayfair,3123187,15DSTEST - Youth/Toys & Rec R2
281,Wayfair,3076393,16Test Photo Studio
281,Wayfair,3077280,AV Equipment
281,Wayfair,3077281,AV Equipment|Projector Screens
281,Wayfair,3077458,AV Equipment|Projector Screens|Electric Projector Screens
281,Wayfair,3078107,AV Equipment|Projector Screens|Manual Projector Screens
281,Wayfair,3076268,AV Equipment|Projector Screens|Permanent Projection Screens
281,Wayfair,3077028,AV Equipment|Projector Screens|Portable Projector Screens
281,Wayfair,3075716,AV Equipment|Projector Screens|Rear Projection Screens
281,Wayfair,3080447,Browse By Brand|Elite Screens
281,Wayfair,3079821,Browse By Brand|Elite Screens|All Elite Screens
281,Wayfair,3122985,Browse By Brand|AVF|AVF Computer Mounts
281,Wayfair,3123694,Browse By Brand|AVF|AVF TV Mounts
281,Wayfair,3076451,Media Storage & Entertainment Accessories|TV Mounts
281,Wayfair,3071714,Media Storage & Entertainment Accessories|TV Mounts|Articulating TV Mounts
281,Wayfair,3077170,Media Storage & Entertainment Accessories|TV Mounts|Flat TV Mounts
281,Wayfair,3080385,Media Storage & Entertainment Accessories|TV Mounts|Tilt TV Mounts
281,Wayfair,3075978,Media Storage & Entertainment Accessories|TV Mounts|TV Mount Accessories
281,Wayfair,3077344,10% Off DaVinci and babyletto|babyletto|babyletto Changing Tables
281,Wayfair,3079291,A.R.T.|A.R.T. Bedroom Furniture
281,Wayfair,3078419,A.R.T.|A.R.T. Bedroom Furniture|A.R.T. Bedroom Sets
281,Wayfair,3078184,A.R.T.|A.R.T. Bedroom Furniture|A.R.T. Armoires
281,Wayfair,3071070,Accent Furniture|Accent Seating|Benches
281,Wayfair,3070913,Accent Furniture|Accent Seating
281,Wayfair,3071007,Accent Furniture|Accent Tables
281,Wayfair,3070994,Accent Furniture|Accent Tables|Console & Sofa Tables
281,Wayfair,3080102,Browse By Brand|Avanti|Avanti Wine Refrigerators
281,Wayfair,3123433,Browse By Brand|Danby|Danby Wine Refrigerators
281,Wayfair,3123828,Browse By Brand|Deeco|Deeco Firepit & Chiminea Accessories
281,Wayfair,3079447,Browse By Brand|Decorpro|Decorpro Indoor Fireplaces
281,Wayfair,3123978,Browse By Brand|Char-Broil|Char-Broil Outdoor Fireplaces
281,Wayfair,3123827,Browse By Brand|Deeco|Deeco Outdoor Fireplaces
281,Wayfair,3072521,Browse By Brand|Broan|Broan Large Appliance Accessories
281,Wayfair,3123045,Browse By Brand|Dyna-Glo|Dyna-Glo Space Heater Accessories
281,Wayfair,3076939,Browse By Brand|Fanimation|Fanimation Fan Accessories
281,Wayfair,3076496,Ceiling Lights|Ceiling Fans|Ceiling Fan Blades
281,Wayfair,3077202,Ceiling Lights|Ceiling Fans|Ceiling Fan Light Kits
281,Wayfair,3076598,Ceiling Lights|Ceiling Fans|Fan Remotes & Wall Controls
281,Wayfair,3079215,Browse By Brand|AZ Patio Heaters|AZ Patio Heaters Furniture Covers
281,Wayfair,3080087,Browse By Brand|Bissell|Bissell Vacuum Accessories
281,Wayfair,3075066,Appliances
281,Wayfair,3123286,Browse By Brand|Craftmade
281,Wayfair,3122470,Browse By Brand|Craftmade|All Craftmade
281,Wayfair,3076949,Browse By Brand|Crane USA
281,Wayfair,3079048,Browse By Brand|Crane USA|All Crane
281,Wayfair,3077735,Browse By Brand|Danby
281,Wayfair,3125221,Browse By Brand|Danby|All Danby
281,Wayfair,3079851,Browse By Brand|DeLonghi
281,Wayfair,3123533,Browse By Brand|DeLonghi|All DeLonghi
281,Wayfair,3124596,Browse By Brand|Dyna-Glo
281,Wayfair,3125229,Browse By Brand|E-Ware
281,Wayfair,3072340,Browse By Brand|Frigidaire
281,Wayfair,3071720,Browse By Brand|Frigidaire|All Frigidaire
281,Wayfair,3075559,Sunpentown
281,Wayfair,3076915,Sunpentown
281,Wayfair,3075973,Appliances|Air Conditioners & Air Treatment
281,Wayfair,3077070,Appliances|Air Conditioners & Air Treatment|All Air Conditioners
281,Wayfair,3125222,Browse By Brand|Danby|Danby Air Conditioners
281,Wayfair,3125795,Browse By Brand|DeLonghi|DeLonghi Air Conditioners
281,Wayfair,3073086,Browse By Brand|Frigidaire|Frigidaire Air Conditioners
281,Wayfair,3079615,Sunpentown|Sunpentown Air Conditioning
281,Wayfair,3078477,Sunpentown|Sunpentown Air Conditioning|Sunpentown Air Conditioners
281,Wayfair,3071715,Browse By Brand|Crane USA|Crane USA Air Treatment
281,Wayfair,3125905,Browse By Brand|Frigidaire|Frigidaire Air Treatment
281,Wayfair,3076916,Sunpentown|Sunpentown Air Conditioning|Sunpentown Air Purifiers
281,Wayfair,3123434,Browse By Brand|Danby|Danby Dehumidifiers
281,Wayfair,3080099,Sunpentown|Sunpentown Air Conditioning|Sunpentown Dehumidifiers
281,Wayfair,3080503,Browse By Brand|Fanimation
281,Wayfair,3125057,Browse By Brand|Craftmade|Craftmade Ceiling Fans
281,Wayfair,3077814,Browse By Brand|Fanimation|Fanimation Ceiling Fans
281,Wayfair,3077253,Ceiling Lights|Ceiling Fans
281,Wayfair,3076597,Ceiling Lights|Ceiling Fans|Indoor Ceiling Fans
281,Wayfair,3076732,Ceiling Lights|Ceiling Fans|Outdoor Ceiling Fans
281,Wayfair,3122337,Browse By Brand|Fanimation|Fanimation Portable Fans
281,Wayfair,3078642,Browse By Brand|Broan|Broan Bathroom Fans
281,Wayfair,3079802,Browse By Brand|AZ Patio Heaters
281,Wayfair,3079127,Browse By Brand|AZ Patio Heaters|AZ Patio Heaters Patio Heaters
281,Wayfair,3124814,Browse By Brand|Dyna-Glo|Dyna-Glo Patio Heaters
281,Wayfair,3123050,Browse By Brand|Endless Summer
281,Wayfair,3124825,Browse By Brand|Endless Summer|Endless Summer Patio Heaters
281,Wayfair,3080466,Browse By Brand|DeLonghi|Delonghi Space Heaters
281,Wayfair,3123044,Browse By Brand|Dyna-Glo|Dyna-Glo Space Heaters
281,Wayfair,3076232,Stay Warm This Winter|Space Heaters
281,Wayfair,3072012,Stay Warm This Winter|Space Heaters|All Space Heaters
281,Wayfair,3072195,Stay Warm This Winter|Space Heaters|Baseboard Heaters
281,Wayfair,3074321,Stay Warm This Winter|Space Heaters|Cabinet Space Heaters
281,Wayfair,3074127,Stay Warm This Winter|Space Heaters|Compact Space Heaters
281,Wayfair,3073520,Stay Warm This Winter|Space Heaters|Electric Stoves
281,Wayfair,3075620,Stay Warm This Winter|Space Heaters|Panel Space Heaters
281,Wayfair,3072289,Stay Warm This Winter|Space Heaters|Radiator Space Heaters
281,Wayfair,3075248,Stay Warm This Winter|Space Heaters|Space Heater Thermostats
281,Wayfair,3124602,Stay Warm This Winter|Space Heaters|Tank Top Space Heaters
281,Wayfair,3073334,Stay Warm This Winter|Space Heaters|Tower Space Heaters
281,Wayfair,3073051,Stay Warm This Winter|Space Heaters|Utility Space Heaters
281,Wayfair,3073420,Stay Warm This Winter|Space Heaters|Wall Mount Space Heaters
281,Wayfair,3078804,Appliances|Washers & Dryers
281,Wayfair,3076851,Appliances|Washers & Dryers|Dryers
281,Wayfair,3073667,Browse By Brand|Frigidaire|Frigidaire Dryers
281,Wayfair,3076073,Appliances|Washers & Dryers|Washing Machines
281,Wayfair,3122425,Browse By Brand|Frigidaire|Frigidaire Washing Machines
281,Wayfair,3077021,Browse By Brand|Bissell
281,Wayfair,3125856,Browse By Brand|Bissell BigGreen Commercial
281,Wayfair,3124239,Browse By Brand|Bissell BigGreen Commercial|All Bissell BigGreen Commercial
281,Wayfair,3125857,Browse By Brand|Bissell BigGreen Commercial|Bissell BigGreen Commercial Vacuums & Steamers
281,Wayfair,3076589,Browse By Brand|Bissell|All Bissell
281,Wayfair,3077681,Browse By Brand|Fagor Cookware and Appliances|Fagor Pressure Cookers
281,Wayfair,3073975,Small Appliances|Specialty Small Appliances|Electric Pressure Cookers
281,Wayfair,3078246,Browse By Brand|Bayou Classic|Stockpots and Steam / Boil / Fry Baskets
281,Wayfair,3072000,Browse By Brand|Brentwood Appliances|Brentwood Appliances Coffee Urns Airpots Travel
281,Wayfair,3125308,Browse By Brand|BUNN Coffee Makers|Bunn Airpots
281,Wayfair,3075993,Browse By Brand|BroilKing|BroilKing Chafing Dishes & Buffet Accessories
281,Wayfair,3079509,Browse By Brand|Bayou Classic|Bayou Classic Grill Attachments
281,Wayfair,3079231,Browse By Brand|Bayou Classic|Bayou Classic Grilling Tools
281,Wayfair,3072500,Browse By Brand|Blaze Grills|Blaze Grills Grill Attachments
281,Wayfair,3123823,Lynx|Lynx Grill Accessories
281,Wayfair,3123824,Lynx|Lynx Grill Accessories|All Grill Accessories
281,Wayfair,3071596,Browse By Brand|Blaze Grills|Blaze Grills Grill Covers
281,Wayfair,3121856,Breakroom & Caf|Breakroom Appliances
281,Wayfair,3077701,Breakroom & Caf|Breakroom Appliances|Grills Skillets & Griddles
281,Wayfair,3078841,Browse By Brand|Black & Decker|Black & Decker Food Processors
281,Wayfair,3079616,Browse By Brand|Bosch Kitchen Appliances
281,Wayfair,3079041,Browse By Brand|Bosch Kitchen Appliances|All Bosch
281,Wayfair,3072420,Browse By Brand|Brentwood Appliances
281,Wayfair,3073505,Browse By Brand|Brentwood Appliances|All Brentwood Appliances
281,Wayfair,3072019,Browse By Brand|Broil King
281,Wayfair,3073481,Browse By Brand|BroilKing
281,Wayfair,3123531,Browse By Brand|DeLonghi|Delonghi Grills & Skillets
281,Wayfair,3079701,Browse By Brand|DeLonghi|Delonghi Tea Kettles And Hot Pots
281,Wayfair,3075205,Browse By Brand|Elite by Maxi-Matic
281,Wayfair,3073763,Browse By Brand|Elite by Maxi-Matic|All Elite by Maxi-Matic
281,Wayfair,3122939,Browse By Brand|Elite by Maxi-Matic|Elite by Maxi-Matic Chafing Dishes & Buffet Access
281,Wayfair,3124865,Browse By Brand|Elite by Maxi-Matic|Elite by Maxi-Matic Meat Preparation Tools
281,Wayfair,3073485,Browse By Brand|Elite by Maxi-Matic|Elite by Maxi-Matic Toasters Ovens & Roasters
281,Wayfair,3071603,Browse By Brand|Emson
281,Wayfair,3079440,Browse By Brand|Fagor Cookware and Appliances
281,Wayfair,3079792,Browse By Brand|Fagor Cookware and Appliances|All Fagor
281,Wayfair,3076114,Browse By Brand|Franke
281,Wayfair,3077425,Browse By Brand|Franke|All Franke
281,Wayfair,3078462,Kitchen Appliances
281,Wayfair,3077221,Kitchen Fixtures|Ranges & Ovens
281,Wayfair,3076110,Kitchen Fixtures|Refrigerators & Freezers
281,Wayfair,3075976,Kitchen|Kitchen Appliances
281,Wayfair,3075130,Small Appliances
281,Wayfair,3071544,Small Appliances|Specialty Small Appliances
281,Wayfair,3123156,Small Appliances|Specialty Small Appliances|Sous Vide
281,Wayfair,3075566,Sunpentown|Sunpentown Freezers & Ice Makers
281,Wayfair,3076936,Zojirushi Kitchen Appliances
281,Wayfair,3077995,Zojirushi Kitchen Appliances
281,Wayfair,3074261,Browse By Brand|Emson|Emson Blenders & Smoothie Makers
281,Wayfair,3076623,Small Appliances|Specialty Small Appliances|Bread Machines
281,Wayfair,3125307,Browse By Brand|BUNN Coffee Makers
281,Wayfair,3076948,Zojirushi Kitchen Appliances|Zojirushi Coffee and Tea
281,Wayfair,3077746,Browse By Brand|DeLonghi|Delonghi Espresso Machines
281,Wayfair,3074037,Browse By Brand|Frigidaire|Frigidaire Cooktops
281,Wayfair,3075986,Kitchen Fixtures|Ranges & Ovens|Cooktops
281,Wayfair,3123532,Browse By Brand|DeLonghi|Delonghi Deep Fryers
281,Wayfair,3123440,Browse By Brand|E-Ware|E-Ware Deep Fryers
281,Wayfair,3073815,Browse By Brand|Elite by Maxi-Matic|Elite by Maxi-Matic Deep Fryers
281,Wayfair,3073112,Browse By Brand|Frigidaire|Frigidaire Dishwashers
281,Wayfair,3077708,Kitchen|Kitchen Appliances|Dishwashers
281,Wayfair,3074485,Browse By Brand|Elite by Maxi-Matic|Elite by Maxi-Matic Tea Kettles
281,Wayfair,3075984,Kitchen|The Coffee Shop|Electric Tea Kettles
281,Wayfair,3074733,Browse By Brand|Elite by Maxi-Matic|Elite by Maxi-Matic Electric Grills & Skillets
281,Wayfair,3076846,Small Appliances|Specialty Small Appliances|Chocolate & Beverage Fountains
281,Wayfair,3076427,Outdoor Cooking|Outdoor Grills & Smokers|Outdoor Cookers
281,Wayfair,3072256,Browse By Brand|Brentwood Appliances|Brentwood Appliances Crock Pots & Slow Cookers
281,Wayfair,3074690,Browse By Brand|Elite by Maxi-Matic|Elite by Maxi-Matic Crock Pots & Slow Cookers
281,Wayfair,3073380,Browse By Brand|Excalibur|Excalibur Food Dehydrators
281,Wayfair,3079209,Small Appliances|Specialty Small Appliances|Food Dehydrators
281,Wayfair,3080059,Browse By Brand|Bodum|Bodum Coffee Grinders
281,Wayfair,3073084,Gourmet Shop|KitchenAid|KitchenAid Mixers
281,Wayfair,3125784,Browse By Brand|Char-Broil|Char-Broil Smokers
281,Wayfair,3076784,Outdoor Cooking|Outdoor Grills & Smokers|Smokers
281,Wayfair,3076554,Appliances|Refrigeration|Freezers
281,Wayfair,3080273,Sunpentown|Sunpentown Freezers & Ice Makers|Sunpentown Freezers
281,Wayfair,3075901,Browse By Brand|Franke|Franke Garbage Disposals
281,Wayfair,3075495,Browse By Brand|BroilKing|BroilKing Burners & Hot Plates
281,Wayfair,3074349,Browse By Brand|Elite by Maxi-Matic|Elite by Maxi-Matic Burners & Hot Plates
281,Wayfair,3079208,Small Appliances|Specialty Small Appliances|Hot Plates & Burners
281,Wayfair,3077981,Small Appliances|Specialty Small Appliances|Ice Cream Makers
281,Wayfair,3076105,Appliances|Refrigeration|Ice Makers
281,Wayfair,3125305,Sunpentown|Sunpentown Freezers & Ice Makers|Sunpentown Ice Makers
281,Wayfair,3078579,Browse By Brand|Black & Decker|Black & Decker Juicers
281,Wayfair,3124886,Browse By Brand|Fagor Cookware and Appliances|Fagor Juicers
281,Wayfair,3079058,Browse By Brand|Avanti|Avanti Microwaves
281,Wayfair,3074677,Browse By Brand|Black & Decker|Black & Decker Microwaves
281,Wayfair,3080192,Browse By Brand|Danby|Danby Microwaves
281,Wayfair,3073666,Browse By Brand|Frigidaire|Frigidaire Microwaves
281,Wayfair,3076952,Kitchen|Kitchen Appliances|Microwaves
281,Wayfair,3078592,Browse By Brand|Bodum|Bodum Milk Frothers
281,Wayfair,3076659,Browse By Brand|BonJour|BonJour Milk Frothers
281,Wayfair,3076847,Kitchen|The Coffee Shop|Milk Frothers
281,Wayfair,3072741,Browse By Brand|Blaze Grills|All Blaze Grills
281,Wayfair,3071991,Browse By Brand|Blaze Grills|Blaze Grills Outdoor Grills
281,Wayfair,3078663,Browse By Brand|Char-Broil
281,Wayfair,3122507,Browse By Brand|Char-Broil|All Char-Broil
281,Wayfair,3123822,Lynx
281,Wayfair,3070942,Outdoor Cooking|Outdoor Grills & Smokers
281,Wayfair,3080463,Outdoor Cooking|Outdoor Grills & Smokers|All Outdoor Grills
281,Wayfair,3123979,Outdoor Cooking|Outdoor Grills & Smokers|Kamado Grills
281,Wayfair,3075018,Outdoor Cooking|Outdoor Grills & Smokers|Portable Grills
281,Wayfair,3076195,Outdoor Cooking|Outdoor Grills & Smokers|Wood Pellet Grills
281,Wayfair,3073713,Outdoor Cooking|Outdoor Kitchens|Built-In Grills
281,Wayfair,3123178,Browse By Brand|Char-Broil|Char-Broil Charcoal Grills
281,Wayfair,3074941,Outdoor Cooking|Outdoor Grills & Smokers|Charcoal Grills
281,Wayfair,3070966,Outdoor Cooking|Outdoor Grills & Smokers|Gas Grills
281,Wayfair,3076072,Kitchen Fixtures|Ranges & Ovens|Wall Ovens
281,Wayfair,3076807,Breakroom & Caf|Breakroom Appliances|Popcorn Machines & Accessories
281,Wayfair,3074484,Browse By Brand|Elite by Maxi-Matic|Elite by Maxi-Matic Popcorn Machines / Nut Roaster
281,Wayfair,3122771,Browse By Brand|Frigidaire|Frigidaire Range Hoods
281,Wayfair,3076558,Kitchen|Kitchen Appliances|Range Hoods
281,Wayfair,3072121,Browse By Brand|Frigidaire|Frigidaire Ranges
281,Wayfair,3078439,Kitchen Fixtures|Ranges & Ovens|Ranges
281,Wayfair,3074251,Appliances|Refrigeration
281,Wayfair,3080248,Browse By Brand|Avanti|Avanti Products Compact Refrigerators
281,Wayfair,3080019,Browse By Brand|Danby|Danby Compact Refrigerators
281,Wayfair,3075133,Kitchen Fixtures|Refrigerators & Freezers|Compact Refrigerators
281,Wayfair,3077812,Kitchen Fixtures|Refrigerators & Freezers|Wine Coolers & Refrigerators
281,Wayfair,3076624,Small Appliances|Specialty Small Appliances|Snow Cone Machines
281,Wayfair,3071864,Small Appliances|Specialty Small Appliances|Sparkling Beverage & Soda Makers
281,Wayfair,3079861,Browse By Brand|Black & Decker|Black & Decker Toasters & Ovens
281,Wayfair,3072719,Browse By Brand|Brentwood Appliances|Brentwood Appliances Electric Grills & Skillets
281,Wayfair,3124708,Browse By Brand|Fagor Cookware and Appliances|Fagor Toasters Ovens & Roasters
281,Wayfair,3073661,Gourmet Shop|KitchenAid|KitchenAid Toasters & Ovens
281,Wayfair,3076844,Small Appliances|Specialty Small Appliances|Waffle & Pizzelle Makers
281,Wayfair,3076503,Small Appliances|Toasters & Convection Ovens
281,Wayfair,3075280,Browse By Brand|Char-Broil|Char-Broil Electric Grills
281,Wayfair,3077399,Outdoor Cooking|Outdoor Grills & Smokers|Electric Grills
281,Wayfair,3076895,Small Appliances|Toasters & Convection Ovens|Toasters
281,Wayfair,3075579,Small Appliances|Specialty Small Appliances|Vacuum Sealers
281,Wayfair,3079263,Breakroom & Caf|Breakroom Appliances|Water Coolers
281,Wayfair,3077177,Small Appliances|Specialty Small Appliances|Electric Knives
281,Wayfair,3124689,Browse By Brand|BUNN Coffee Makers|Bunn Pitchers And Carafes
281,Wayfair,3075690,Zojirushi Kitchen Appliances|Zojirushi Coffee and Tea|Zojirushi Thermal Carafes
281,Wayfair,3077069,Small Appliances|Specialty Small Appliances|Cotton Candy Machines
